0	0	1880.214111	2.464610	-4.248604	-0.010702	-4.018961
0	1	1913.571655	1.253438	-4.846410	-0.318355	-3.451429
0	2	3053.850830	2.967743	-9.773664	-0.652778	-3.989502
0	3	6172.034180	-38.350826	-15.930573	-2.771700	-6.413381
0	4	11467.287109	-22.685501	-16.761543	-3.781064	-6.334762
0	5	15315.547852	-30.216682	-18.075495	-2.468253	-7.393692
0	6	20065.695312	-27.744007	-16.044796	-0.961539	-5.539758
0	7	26713.398438	-24.939354	-12.664225	-3.083517	-4.591928
0	8	31196.109375	-27.582575	-11.362626	2.833734	-3.568863
0	9	37413.652344	-22.374233	-9.088863	6.595083	-2.856473
0	10	41091.121094	-25.220699	-3.717243	13.816173	-1.655633
0	11	45795.093750	-36.026180	-0.537916	21.266396	-2.815523
0	12	49608.574219	-26.182171	1.851609	19.377583	-1.892640
0	13	51999.089844	-36.355652	3.602448	16.960197	-2.366177
0	14	53963.035156	-50.790863	5.308083	10.642780	-1.960511
0	15	55036.992188	-66.540291	15.194089	-13.167179	-0.811996
0	16	56997.257812	-20.226219	17.755703	-9.115923	-0.461397
0	17	58701.890625	-18.747272	-3.376749	-36.277374	-7.884071
0	18	59206.082031	-9.184593	-11.252987	1.772266	-6.148617
0	19	59936.082031	-39.755859	-11.729206	39.370777	-1.668130
0	20	58446.468750	-35.704163	-11.411980	48.001907	-5.765761
0	21	58885.281250	-18.919689	-8.674432	106.899567	1.330772
0	22	61125.410156	-5.403259	-16.665913	90.890038	-8.449907
0	23	55159.691406	-31.820015	-53.112579	69.246750	-25.116755
0	24	46524.250000	-52.325699	-93.007729	11.066536	-34.840496
0	25	33584.054688	-85.884422	-110.053444	23.717972	-62.825912
1	0	218.757141	-0.948368	-5.786325	-0.156891	2.356456
1	1	273.163177	-3.734397	-5.958015	0.972287	-1.099001
1	2	396.945099	-3.905213	-6.319816	0.480248	0.024293
1	3	886.075439	-42.663647	-8.829208	-0.001083	-0.605832
1	4	1258.213013	-15.105608	-11.749807	-0.124216	-4.177474
1	5	1476.879028	-3.597511	-8.917452	-0.694643	-2.079740
1	6	1450.171265	-1.249264	-7.747202	-0.399029	-3.206930
1	7	2885.806396	-1.927388	-8.896131	-1.977619	-5.129764
1	8	3198.087402	-2.019376	-8.793284	-4.651984	-5.288743
1	9	2727.542236	-5.222725	-8.822433	-5.801510	-7.188942
1	10	931.459351	-10.911516	-7.982952	-13.328719	-7.063717
1	11	4879.768066	-11.809869	-6.608606	6.039516	-6.628888
1	12	5147.903809	0.275297	-7.270801	5.120274	-7.382558
1	13	4689.945801	6.018522	-13.564672	-25.320459	-4.777785
1	14	4972.350098	-3.579289	-8.915302	-33.314274	-5.442811
1	15	5842.597656	29.461819	-3.473884	67.590660	-4.312336
1	16	7051.912598	-31.518576	1.635086	100.860405	-3.195408
1	17	7453.688965	-86.129593	4.893139	197.160858	0.897942
1	18	8031.109375	-33.905807	8.887522	223.505432	3.530894
1	19	9264.113281	2.768295	3.418151	258.683838	10.280289
1	20	10503.176758	30.297955	11.112512	121.309982	8.868559
1	21	12109.736328	82.058815	14.566371	72.068733	14.231478
1	22	14567.190430	144.117508	6.585577	66.512093	8.623179
1	23	14257.817383	114.786697	16.952724	91.703888	3.095225
1	24	14740.625000	133.590881	21.573128	-20.471802	-11.227293
1	25	10453.820312	188.923019	30.680347	-120.417671	-18.888332
2	0	400.294647	-0.671154	-2.976607	-1.140734	10.569777
2	1	441.781769	-2.748444	-6.133053	-0.949153	10.556378
2	2	564.002991	-4.002485	-7.125635	-0.393528	11.675390
2	3	1163.673706	-43.385448	-6.914514	0.189239	14.537560
2	4	1481.109863	-11.819405	-7.267172	0.603919	16.531918
2	5	2224.398438	-0.463111	-8.644001	-0.710016	18.001469
2	6	2364.432129	10.152330	-8.030972	-1.556834	16.270191
2	7	3096.544922	1.513897	-7.999575	-11.500176	14.683287
2	8	3911.908203	-2.260242	-7.109724	-3.228346	15.656051
2	9	4632.257812	-9.785803	-7.146083	-10.468398	14.818659
2	10	5534.087402	-20.181486	-3.766476	0.685449	15.597396
2	11	6384.718750	-30.547924	-0.778393	8.686298	17.599716
2	12	7012.174805	-6.876907	1.847671	-10.045092	13.228928
2	13	6881.735840	-9.588357	2.318522	-61.553055	13.164952
2	14	7674.946289	0.443040	-7.660063	-63.044453	6.391411
2	15	7837.843750	11.440167	-11.902344	-41.950184	4.879004
2	16	9617.002930	-6.175462	-10.338169	-72.189148	0.415931
2	17	9020.637695	-13.914666	-12.890165	-92.128601	-5.559734
2	18	8959.968750	-44.015247	-16.786566	-172.292175	-18.292093
2	19	10098.102539	-70.271103	-3.611449	-242.020081	-29.650650
2	20	10799.804688	-146.798920	-14.769596	-329.221222	-32.445251
2	21	11046.511719	-169.952667	-24.256590	-372.213867	-17.267010
2	22	12209.515625	-3.707535	-40.088020	-486.734314	-2.736834
2	23	11986.143555	34.576439	-62.865463	-625.140503	-13.258780
2	24	11259.807617	-115.876617	-74.068306	-660.643188	37.296173
2	25	8603.172852	-221.131989	-109.812996	-552.551514	93.248215
3	0	290.576630	1.900762	2.967739	-0.402883	2.690434
3	1	330.655029	0.003437	2.814050	0.000015	1.100105
3	2	411.372711	-1.624272	3.067262	-0.440742	1.235874
3	3	905.842346	-42.644985	1.947896	-0.957058	-0.492235
3	4	1201.434448	-11.163610	0.835454	-1.822497	1.795471
3	5	1768.843140	-6.058779	4.855069	-1.049189	-3.142546
3	6	2122.744629	3.941269	4.719388	1.621597	-3.357642
3	7	3556.849365	1.092889	-0.238667	-7.866841	-6.541525
3	8	3892.713379	3.817400	-0.482113	-4.238150	-6.327319
3	9	5603.864746	2.164773	-0.511389	-14.149733	-5.793223
3	10	9712.865234	-23.377586	0.015046	9.517276	-4.382330
3	11	14529.055664	-30.479496	1.791602	21.039467	-5.389528
3	12	18988.986328	-11.603291	2.136824	9.614785	-6.605154
3	13	21633.003906	-19.640991	2.773809	26.282726	-6.734548
3	14	23946.681641	20.294846	0.755502	17.442848	-7.046995
3	15	25647.304688	11.760202	-3.160504	45.787590	-8.625315
3	16	29407.865234	12.451287	2.007707	84.763870	-7.636589
3	17	29875.505859	33.068310	-0.817895	98.639465	-5.926342
3	18	29890.273438	86.738617	3.212888	198.533997	13.965429
3	19	30755.791016	108.199265	9.769115	174.093918	33.642822
3	20	29378.542969	144.554306	48.537071	215.981934	29.825132
3	21	29487.201172	200.937500	96.763519	240.366959	67.232727
3	22	30572.193359	232.864487	116.398895	195.751678	69.074165
3	23	28021.566406	244.516907	125.618965	121.546875	97.720566
3	24	25251.748047	332.407196	68.046829	129.064560	119.237869
3	25	20231.779297	315.825867	57.496407	201.106323	130.262909
4	0	412.903168	0.224735	-2.698911	0.248321	14.938214
4	1	419.840942	-1.428972	-4.554259	-0.634818	20.696789
4	2	494.297821	-3.646536	-7.165511	-1.328965	22.343937
4	3	855.212646	-43.917671	-13.209251	-1.313560	24.034805
4	4	1112.962891	-2.919315	-11.918856	-2.786630	22.072746
4	5	1677.150024	0.276650	-6.584122	-0.041617	20.424225
4	6	1690.382812	12.776852	-8.550986	2.502786	21.026192
4	7	2393.617188	6.223480	-14.469147	-2.649080	16.717251
4	8	3416.246338	14.934683	-15.759835	0.746554	16.921358
4	9	3923.661621	-4.932545	-17.851891	1.801743	14.942547
4	10	4421.778809	-20.829636	-15.759037	3.726191	15.207101
4	11	5725.402832	-38.041695	-18.476351	12.895592	17.299522
4	12	6494.565918	-3.553566	-17.245863	1.424051	19.524214
4	13	6469.677734	-17.667950	-26.450865	-15.950548	14.130400
4	14	7035.280762	-18.764906	-25.046556	-32.117233	14.354289
4	15	7793.290039	-60.082474	-15.556526	-7.410381	16.433460
4	16	8849.882812	-99.769623	-10.123435	60.186176	19.972815
4	17	9163.500000	-102.925713	6.204400	11.103527	28.094248
4	18	9212.733398	-96.172501	3.923012	-36.077492	28.304920
4	19	10224.193359	-168.138245	0.487568	-72.461746	30.167902
4	20	11238.638672	-66.388496	-4.878079	-140.672104	21.255117
4	21	11801.096680	-15.607666	-1.122202	-165.859436	21.966612
4	22	13013.823242	8.310301	-1.405941	-158.849167	11.569603
4	23	13090.365234	31.277058	-16.556128	-154.309326	9.312054
4	24	13688.433594	47.435951	-20.274860	-60.513290	4.879535
4	25	10153.646484	-8.518379	-31.815144	-66.099174	9.037817
5	0	264.079987	-0.482030	-2.596967	-0.598945	0.051974
5	1	303.957794	-3.756991	-1.963546	0.233570	0.855635
5	2	385.448608	-3.385080	-2.207117	-0.592200	-1.356980
5	3	787.120728	-42.240784	-1.236228	-2.602397	2.863265
5	4	1319.109985	-8.646002	-0.138112	-1.414940	3.165022
5	5	1637.631714	-7.728536	0.202940	-1.420784	2.958599
5	6	1394.736084	-2.305171	-0.542573	-1.989659	2.619821
5	7	2366.614746	-0.890344	-1.519845	-1.809165	0.598013
5	8	2910.408203	-7.726568	-1.204957	7.675358	0.410938
5	9	3071.729004	3.709669	-0.730562	3.575347	-0.916308
5	10	3927.091064	-2.336787	-1.580157	21.219547	-0.251189
5	11	4879.645508	-10.673750	-6.964950	14.388510	0.398261
5	12	5182.129883	1.106203	-6.718222	35.783184	0.549757
5	13	5269.410645	-18.294895	-6.240893	13.946157	-0.082218
5	14	5795.717285	6.823483	-3.272552	-12.818538	3.249641
5	15	6515.161621	-70.950600	5.211553	11.790884	5.700047
5	16	8250.181641	-27.396141	21.507008	-8.609285	12.064782
5	17	7224.951172	33.480362	24.218987	-31.038040	13.924913
5	18	7501.223145	16.465765	43.312042	-30.588995	11.692293
5	19	8120.296875	-52.583649	29.144289	-127.852997	13.276327
5	20	8842.955078	33.555302	16.383659	19.290390	14.503572
5	21	9982.674805	113.415428	8.318077	-95.774605	26.387060
5	22	11462.851562	138.217041	-8.289498	-30.693993	50.064629
5	23	10662.244141	8.728073	40.424484	-144.918152	28.382744
5	24	9759.844727	110.605598	63.003048	-130.298950	11.383351
5	25	8531.471680	62.356312	54.913570	37.136627	-1.446934
6	0	308.644684	1.527566	2.881961	-0.069970	1.494810
6	1	324.542175	0.785756	3.766493	-0.239480	1.289287
6	2	393.387146	-0.160738	3.099300	-0.630640	2.284145
6	3	623.644897	-39.832497	3.003785	-1.115959	1.893355
6	4	985.495972	0.400833	0.476154	-2.900048	1.202039
6	5	1264.796997	-0.124538	0.916806	-1.449644	-0.860035
6	6	1636.347778	9.752961	-1.273563	4.168993	-0.889649
6	7	2186.280518	6.987366	-2.038961	-0.723275	-3.652089
6	8	3531.091553	15.534981	-4.545183	2.402009	-2.989068
6	9	3619.195312	10.288136	-1.855468	7.983913	-5.210963
6	10	4707.182617	-10.433336	-0.833262	3.735355	-4.172918
6	11	5669.741699	-19.166771	-3.565240	4.104900	-6.448904
6	12	6359.567383	-8.565946	-0.258969	16.878326	-5.840166
6	13	6267.156738	-2.667595	-3.631999	15.492083	-7.209829
6	14	6626.901367	-0.317862	-9.363928	50.617462	-6.678436
6	15	7460.922852	20.045193	2.964932	42.579391	-7.114086
6	16	8273.910156	29.977602	10.430648	100.821999	-2.223595
6	17	7874.924805	73.227341	15.697077	127.657455	5.582887
6	18	7747.244629	134.612656	24.726856	64.684418	18.762373
6	19	8820.864258	87.310608	40.417923	46.195660	15.396626
6	20	9956.150391	110.076950	39.514885	4.044533	11.341618
6	21	11228.461914	128.080994	41.883842	0.299886	26.366196
6	22	12334.911133	157.475418	43.861935	30.152931	16.318287
6	23	12147.261719	144.805115	50.711105	11.500224	0.115860
6	24	12324.544922	126.106445	38.610939	44.901615	6.554854
6	25	8049.680664	182.798813	59.218288	21.118042	11.601622
7	0	226.349686	-0.888599	-5.337205	-0.161270	2.500587
7	1	289.467468	-3.541927	-5.439488	1.407702	0.424987
7	2	397.353729	-4.311012	-4.991536	0.539407	1.449991
7	3	865.430908	-40.108932	-6.420986	1.453520	4.865209
7	4	995.241089	5.146328	-4.436670	0.910221	2.789525
7	5	1235.075806	1.822049	-3.570676	0.093451	2.034965
7	6	1356.117676	0.935813	-2.489537	-2.095135	2.193248
7	7	1876.571411	0.853324	-3.054983	1.229196	-0.090677
7	8	2477.273682	-1.744658	-2.859838	7.594404	1.467725
7	9	3114.555908	9.909986	-4.894876	1.583510	0.571813
7	10	3122.244629	-4.865915	-2.319740	7.767398	1.564089
7	11	4826.516113	-26.021469	-3.273395	-6.322453	4.091955
7	12	5165.375488	10.166945	-7.343908	15.549742	4.827630
7	13	5334.270996	-2.616333	-10.074903	-8.686769	3.740822
7	14	5827.796875	-10.650134	-12.209827	10.363973	6.848470
7	15	6619.324219	22.420406	-3.279136	67.930313	6.825483
7	16	7943.893555	22.668030	10.286346	-47.418961	15.626673
7	17	7449.659180	-8.112708	30.053440	41.880230	9.830803
7	18	8074.615723	1.103378	51.985008	56.720814	15.039762
7	19	8726.647461	-8.949945	44.927013	123.260231	23.640022
7	20	9909.788086	55.470833	7.578384	25.050186	21.747999
7	21	10804.359375	117.307144	8.691111	-29.533602	32.882339
7	22	13045.009766	247.494965	-13.579048	83.031677	54.232445
7	23	12481.386719	172.469604	-10.102722	40.213581	52.468048
7	24	11408.063477	124.157623	30.737373	-250.161240	52.640331
7	25	9310.392578	13.112949	9.418796	-196.062943	0.456490
8	0	371.846863	0.309672	-1.206919	0.280117	-6.508277
8	1	424.981293	-0.997667	-2.678787	-1.455767	-7.621806
8	2	516.649109	-3.036046	0.031403	-0.792394	-3.794082
8	3	833.087402	-39.386116	0.362784	-0.538095	-1.388559
8	4	971.815186	-1.891132	1.550209	-1.189507	1.576683
8	5	1649.462524	-3.081448	2.123075	-1.493716	-0.917606
8	6	1593.561401	7.524840	2.333679	-4.275127	2.981301
8	7	2665.348877	-1.942305	1.234459	-7.487082	2.302733
8	8	3547.521484	-2.466378	-0.509695	1.403399	4.005573
8	9	3937.068848	5.338723	0.776490	4.164165	2.111235
8	10	4501.905273	-7.786786	0.089344	-8.694144	-1.635916
8	11	6092.260254	-27.025242	-3.507188	5.003749	0.602525
8	12	7054.583008	-31.622461	-5.465361	14.215821	0.556986
8	13	6877.882324	-44.190224	-9.339150	14.477036	0.894213
8	14	7093.387207	-36.813507	-11.391846	-26.333914	-5.124728
8	15	7300.473633	-47.683113	-2.104348	20.218397	-4.935075
8	16	7948.477051	-77.667923	10.924333	32.056412	1.356018
8	17	6966.305176	-55.592640	16.272781	-100.337112	-9.116703
8	18	6501.537109	79.735458	6.412436	-208.459290	-5.661042
8	19	7361.522461	22.735386	32.554085	-119.410187	-13.397810
8	20	7737.571289	-91.762253	57.092964	-340.548462	-35.917706
8	21	7920.175293	-172.937164	84.590286	-376.594238	-33.902443
8	22	8038.362305	-145.232117	100.423721	-282.811951	-56.147114
8	23	7940.875488	-140.714920	114.374092	-347.487000	-71.906532
8	24	8569.083984	-61.908432	92.376778	-744.486633	3.338287
8	25	8275.333984	-176.369110	61.129829	-782.725403	3.258132
9	0	297.875977	1.461086	3.099722	-0.061319	1.383551
9	1	287.713226	0.873289	4.211945	-0.151412	0.919878
9	2	389.206573	0.509087	3.661834	-0.382418	1.237809
9	3	657.160156	-40.416168	3.058513	-1.253220	0.107531
9	4	840.500061	1.148651	1.299671	-2.426274	-2.102794
9	5	1062.705811	0.629026	0.920783	-0.622584	1.435479
9	6	1217.926147	6.224660	0.346883	-0.623962	4.214387
9	7	1925.991577	2.926228	1.528723	-0.760647	2.187969
9	8	2794.699219	3.443429	2.586719	6.836602	3.345367
9	9	3419.078125	-0.443765	6.089364	5.690951	1.545472
9	10	4194.402832	-18.144638	4.433537	-4.576515	1.523931
9	11	5525.541992	-15.837723	2.415250	7.304821	1.486188
9	12	6202.443848	-18.112751	5.956987	2.504390	2.866852
9	13	7280.552246	3.180920	3.616721	30.956474	5.705976
9	14	7557.621094	33.944267	9.088417	94.477524	9.134120
9	15	7750.034180	38.272308	16.062656	-14.950768	6.187525
9	16	8045.073242	54.750351	15.903773	-46.737419	4.619619
9	17	8230.187500	96.204063	19.104033	25.724159	12.159966
9	18	8691.679688	187.529465	18.937313	52.124577	28.065956
9	19	9722.028320	111.706932	29.813255	-73.655670	15.718647
9	20	10423.192383	160.054382	21.485056	-125.528183	19.933466
9	21	10710.554688	223.673737	33.272526	-45.514633	38.576817
9	22	11438.896484	189.313828	47.348495	-202.957397	40.804935
9	23	11519.802734	147.415359	36.915863	-256.018982	5.152805
9	24	11714.222656	146.411713	22.682039	-256.249146	7.639387
9	25	6098.815918	113.430489	0.764996	-226.962158	-2.329556
0	0	1880.214111	2.464610	-4.248604	-0.010702	-4.018961
0	1	1913.571655	1.253438	-4.846410	-0.318355	-3.451429
0	2	3053.850830	2.967743	-9.773664	-0.652778	-3.989502
0	3	6172.034180	-38.350826	-15.930573	-2.771700	-6.413381
0	4	11467.287109	-22.685501	-16.761543	-3.781064	-6.334762
0	5	15315.547852	-30.216682	-18.075495	-2.468253	-7.393692
0	6	20065.695312	-27.744007	-16.044796	-0.961539	-5.539758
0	7	26713.398438	-24.939354	-12.664225	-3.083517	-4.591928
0	8	31196.109375	-27.582575	-11.362626	2.833734	-3.568863
0	9	37413.652344	-22.374233	-9.088863	6.595083	-2.856473
0	10	41091.121094	-25.220699	-3.717243	13.816173	-1.655633
0	11	45795.093750	-36.026180	-0.537916	21.266396	-2.815523
0	12	49608.574219	-26.182171	1.851609	19.377583	-1.892640
0	13	51999.089844	-36.355652	3.602448	16.960197	-2.366177
0	14	53963.035156	-50.790863	5.308083	10.642780	-1.960511
0	15	55036.992188	-66.540291	15.194089	-13.167179	-0.811996
0	16	56997.257812	-20.226219	17.755703	-9.115923	-0.461397
0	17	58701.890625	-18.747272	-3.376749	-36.277374	-7.884071
0	18	59206.082031	-9.184593	-11.252987	1.772266	-6.148617
0	19	59936.082031	-39.755859	-11.729206	39.370777	-1.668130
0	20	58446.468750	-35.704163	-11.411980	48.001907	-5.765761
0	21	58885.281250	-18.919689	-8.674432	106.899567	1.330772
0	22	61125.410156	-5.403259	-16.665913	90.890038	-8.449907
0	23	55159.691406	-31.820015	-53.112579	69.246750	-25.116755
0	24	46524.250000	-52.325699	-93.007729	11.066536	-34.840496
0	25	33584.054688	-85.884422	-110.053444	23.717972	-62.825912
1	0	218.757141	-0.948368	-5.786325	-0.156891	2.356456
1	1	273.163177	-3.734397	-5.958015	0.972287	-1.099001
1	2	396.945099	-3.905213	-6.319816	0.480248	0.024293
1	3	886.075439	-42.663647	-8.829208	-0.001083	-0.605832
1	4	1258.213013	-15.105608	-11.749807	-0.124216	-4.177474
1	5	1476.879028	-3.597511	-8.917452	-0.694643	-2.079740
1	6	1450.171265	-1.249264	-7.747202	-0.399029	-3.206930
1	7	2885.806396	-1.927388	-8.896131	-1.977619	-5.129764
1	8	3198.087402	-2.019376	-8.793284	-4.651984	-5.288743
1	9	2727.542236	-5.222725	-8.822433	-5.801510	-7.188942
1	10	931.459351	-10.911516	-7.982952	-13.328719	-7.063717
1	11	4879.768066	-11.809869	-6.608606	6.039516	-6.628888
1	12	5147.903809	0.275297	-7.270801	5.120274	-7.382558
1	13	4689.945801	6.018522	-13.564672	-25.320459	-4.777785
1	14	4972.350098	-3.579289	-8.915302	-33.314274	-5.442811
1	15	5842.597656	29.461819	-3.473884	67.590660	-4.312336
1	16	7051.912598	-31.518576	1.635086	100.860405	-3.195408
1	17	7453.688965	-86.129593	4.893139	197.160858	0.897942
1	18	8031.109375	-33.905807	8.887522	223.505432	3.530894
1	19	9264.113281	2.768295	3.418151	258.683838	10.280289
1	20	10503.176758	30.297955	11.112512	121.309982	8.868559
1	21	12109.736328	82.058815	14.566371	72.068733	14.231478
1	22	14567.190430	144.117508	6.585577	66.512093	8.623179
1	23	14257.817383	114.786697	16.952724	91.703888	3.095225
1	24	14740.625000	133.590881	21.573128	-20.471802	-11.227293
1	25	10453.820312	188.923019	30.680347	-120.417671	-18.888332
2	0	400.294647	-0.671154	-2.976607	-1.140734	10.569777
2	1	441.781769	-2.748444	-6.133053	-0.949153	10.556378
2	2	564.002991	-4.002485	-7.125635	-0.393528	11.675390
2	3	1163.673706	-43.385448	-6.914514	0.189239	14.537560
2	4	1481.109863	-11.819405	-7.267172	0.603919	16.531918
2	5	2224.398438	-0.463111	-8.644001	-0.710016	18.001469
2	6	2364.432129	10.152330	-8.030972	-1.556834	16.270191
2	7	3096.544922	1.513897	-7.999575	-11.500176	14.683287
2	8	3911.908203	-2.260242	-7.109724	-3.228346	15.656051
2	9	4632.257812	-9.785803	-7.146083	-10.468398	14.818659
2	10	5534.087402	-20.181486	-3.766476	0.685449	15.597396
2	11	6384.718750	-30.547924	-0.778393	8.686298	17.599716
2	12	7012.174805	-6.876907	1.847671	-10.045092	13.228928
2	13	6881.735840	-9.588357	2.318522	-61.553055	13.164952
2	14	7674.946289	0.443040	-7.660063	-63.044453	6.391411
2	15	7837.843750	11.440167	-11.902344	-41.950184	4.879004
2	16	9617.002930	-6.175462	-10.338169	-72.189148	0.415931
2	17	9020.637695	-13.914666	-12.890165	-92.128601	-5.559734
2	18	8959.968750	-44.015247	-16.786566	-172.292175	-18.292093
2	19	10098.102539	-70.271103	-3.611449	-242.020081	-29.650650
2	20	10799.804688	-146.798920	-14.769596	-329.221222	-32.445251
2	21	11046.511719	-169.952667	-24.256590	-372.213867	-17.267010
2	22	12209.515625	-3.707535	-40.088020	-486.734314	-2.736834
2	23	11986.143555	34.576439	-62.865463	-625.140503	-13.258780
2	24	11259.807617	-115.876617	-74.068306	-660.643188	37.296173
2	25	8603.172852	-221.131989	-109.812996	-552.551514	93.248215
3	0	290.576630	1.900762	2.967739	-0.402883	2.690434
3	1	330.655029	0.003437	2.814050	0.000015	1.100105
3	2	411.372711	-1.624272	3.067262	-0.440742	1.235874
3	3	905.842346	-42.644985	1.947896	-0.957058	-0.492235
3	4	1201.434448	-11.163610	0.835454	-1.822497	1.795471
3	5	1768.843140	-6.058779	4.855069	-1.049189	-3.142546
3	6	2122.744629	3.941269	4.719388	1.621597	-3.357642
3	7	3556.849365	1.092889	-0.238667	-7.866841	-6.541525
3	8	3892.713379	3.817400	-0.482113	-4.238150	-6.327319
3	9	5603.864746	2.164773	-0.511389	-14.149733	-5.793223
3	10	9712.865234	-23.377586	0.015046	9.517276	-4.382330
3	11	14529.055664	-30.479496	1.791602	21.039467	-5.389528
3	12	18988.986328	-11.603291	2.136824	9.614785	-6.605154
3	13	21633.003906	-19.640991	2.773809	26.282726	-6.734548
3	14	23946.681641	20.294846	0.755502	17.442848	-7.046995
3	15	25647.304688	11.760202	-3.160504	45.787590	-8.625315
3	16	29407.865234	12.451287	2.007707	84.763870	-7.636589
3	17	29875.505859	33.068310	-0.817895	98.639465	-5.926342
3	18	29890.273438	86.738617	3.212888	198.533997	13.965429
3	19	30755.791016	108.199265	9.769115	174.093918	33.642822
3	20	29378.542969	144.554306	48.537071	215.981934	29.825132
3	21	29487.201172	200.937500	96.763519	240.366959	67.232727
3	22	30572.193359	232.864487	116.398895	195.751678	69.074165
3	23	28021.566406	244.516907	125.618965	121.546875	97.720566
3	24	25251.748047	332.407196	68.046829	129.064560	119.237869
3	25	20231.779297	315.825867	57.496407	201.106323	130.262909
4	0	322.832001	1.625016	-4.437922	0.102694	2.528697
4	1	378.366913	-0.219747	-3.780313	-0.151085	2.189995
4	2	489.109406	-1.772392	-3.525874	-0.880558	1.786698
4	3	870.318604	-40.595688	-6.413736	0.691160	0.784527
4	4	1316.497681	-2.963333	-6.167025	1.056773	-0.559863
4	5	1571.534668	0.893100	-6.693739	1.118571	0.201752
4	6	1640.998657	5.362059	-7.110273	2.452546	2.202184
4	7	2443.317627	3.298762	-7.881674	1.119839	0.497595
4	8	3039.923340	4.340815	-7.762703	-4.044450	0.043399
4	9	4027.671387	-1.098927	-6.261093	-12.490736	0.295494
4	10	4344.031738	-3.729020	-5.883384	-6.749734	-1.171925
4	11	5578.268066	-4.083577	-6.155467	9.263873	-2.373673
4	12	6124.855469	9.264217	-7.209390	3.297316	-3.486381
4	13	6418.051270	17.830374	-8.545528	-28.232821	-2.615830
4	14	6932.336426	6.590135	-13.944064	-21.834030	1.348309
4	15	7920.689941	2.593906	-13.556053	-54.400547	3.725963
4	16	8963.094727	13.334706	-23.455376	9.581524	0.541411
4	17	9365.078125	31.260941	-19.346260	-38.399639	3.347359
4	18	9961.906250	103.587769	-28.173889	-45.763481	-2.435359
4	19	10657.379883	31.263397	-35.525822	-63.354591	-8.584486
4	20	11832.781250	9.933441	-29.003815	-5.656849	-16.945158
4	21	12518.319336	27.939196	-29.693577	-23.272636	-11.261297
4	22	13572.059570	3.716884	-41.678413	10.743343	-9.587390
4	23	13386.214844	-20.746653	-36.610840	-63.726234	-20.825188
4	24	14331.026367	-41.234928	-47.150402	-46.702782	-17.254807
4	25	10833.552734	-108.642578	-31.354242	-78.793007	-17.645020
5	0	358.938416	-0.360768	0.674293	2.028433	-5.431612
5	1	366.036987	-1.792457	0.911558	2.200367	-5.820840
5	2	468.354156	-5.148624	1.602710	2.079803	-7.852562
5	3	760.337097	-46.160606	6.122485	-1.799211	-11.340703
5	4	1267.965454	-11.680115	6.667007	0.600183	-11.345399
5	5	1814.505493	-0.493579	4.616582	0.505120	-13.516978
5	6	1771.262085	1.636474	3.985379	3.306686	-16.980074
5	7	2495.752686	-2.860961	5.810313	2.988313	-16.472548
5	8	3043.533691	-2.492072	4.223639	-1.615490	-16.772615
5	9	3773.963135	-16.342592	1.766036	1.932568	-16.661226
5	10	4582.001953	-16.775402	1.888480	19.530188	-19.774130
5	11	6859.673340	-19.653244	1.889690	12.887102	-18.599844
5	12	7281.359863	-8.024602	2.330579	34.627464	-17.914154
5	13	7399.281738	-27.342165	-0.421540	23.257729	-16.021809
5	14	7641.715820	-33.620758	0.022638	43.185314	-15.290548
5	15	8222.289062	-49.426357	-3.583998	39.477127	-15.594467
5	16	8987.659180	-47.464264	-0.676777	71.212311	-19.320166
5	17	9512.316406	-28.916550	-2.214986	103.223251	-37.946888
5	18	9594.976562	-2.427528	-2.995122	81.415070	-24.511677
5	19	10558.516602	-65.858055	7.313918	48.936886	-21.707651
5	20	11758.511719	-28.454311	-4.366936	50.044025	-28.961311
5	21	12322.097656	40.788841	-5.404243	4.816475	-26.523495
5	22	13136.437500	10.950342	-9.427052	12.658706	-37.925430
5	23	13464.003906	-60.853664	-9.048441	-11.394516	-56.230591
5	24	13370.333984	-69.684914	-22.534090	7.213606	-50.126236
5	25	8780.705078	-145.011993	4.682341	-68.921463	-42.188889
6	0	275.263336	0.917531	-0.148057	-0.276627	-3.133698
6	1	300.936188	0.048329	-1.865512	-0.563655	-2.692604
6	2	373.658447	-0.333166	-2.374065	-0.642282	0.137812
6	3	668.005432	-39.383663	-3.354906	-2.436518	-0.258498
6	4	1262.285522	-8.548561	-6.780089	-1.766014	-2.597003
6	5	1582.370605	-2.542579	-10.911989	-0.341031	-4.060842
6	6	1788.764038	-0.505060	-8.158166	2.374029	-7.521896
6	7	2814.732910	0.071282	-11.562944	5.219536	-10.578339
6	8	3453.149170	-4.196626	-14.632247	-1.237167	-12.172503
6	9	3880.229736	-8.568863	-14.888664	-0.697689	-11.888327
6	10	4265.379883	1.648390	-13.630435	4.425981	-13.364847
6	11	6095.978027	-10.440404	-14.172344	38.942066	-11.110159
6	12	6426.439941	13.527640	-14.195090	58.014946	-9.848045
6	13	6654.911133	15.924490	-14.557005	35.516418	-7.515134
6	14	6965.287598	-10.781206	-12.431534	44.050167	-3.878788
6	15	7420.488281	-17.961180	-11.572266	23.842815	-3.390591
6	16	8147.087402	41.071308	-7.645153	-37.130791	-8.635746
6	17	8717.890625	15.764040	4.399576	-60.287716	-15.019098
6	18	9224.151367	54.939835	6.657439	-11.269184	-12.617039
6	19	10294.340820	15.937744	13.695145	-17.925142	-13.799276
6	20	11509.641602	53.502914	12.676978	-26.763962	-15.830434
6	21	12253.286133	118.553467	15.482883	-59.369022	-17.609739
6	22	13350.250000	122.807068	12.837667	-70.610542	-17.320108
6	23	13537.214844	102.605911	-5.416779	-87.706062	-19.894161
6	24	13675.731445	141.709000	-21.247944	-43.755894	-25.232588
6	25	9334.086914	168.760452	-19.332491	-95.583977	-15.028352
7	0	162.717972	0.273917	0.760085	0.157952	1.878278
7	1	355.289032	0.232828	-1.060031	0.979717	3.496555
7	2	381.753479	-0.922127	-1.185213	0.931109	2.917354
7	3	632.058350	-39.549412	-1.227206	0.112165	2.549941
7	4	1051.699219	-5.759563	-2.240017	1.069263	0.701374
7	5	1409.456909	2.929435	-5.896817	3.448014	-0.672539
7	6	1381.096558	4.550840	-4.646436	-1.212168	-3.530557
7	7	1970.816895	3.115305	-2.834898	5.037061	-4.250106
7	8	3042.994873	5.860429	-5.910927	11.033611	-6.470875
7	9	3605.582520	-3.257153	-3.275271	-3.545992	-7.281760
7	10	4178.171387	-3.197464	-0.883137	-2.142921	-5.914405
7	11	4874.119629	-18.181555	-5.417270	15.643381	-4.555535
7	12	5217.541016	0.944303	-2.706710	8.432582	-6.009456
7	13	5433.395996	2.633963	-3.763290	-11.768364	-4.527068
7	14	5824.907715	-11.324877	-8.596989	23.980885	-2.580532
7	15	6478.262695	6.984110	-0.467836	61.963604	-1.052969
7	16	7865.508789	-14.313197	0.462241	-15.772243	-3.949776
7	17	8836.291992	2.082066	5.415353	-8.002994	-8.265985
7	18	9939.603516	50.477737	10.449173	8.827470	-13.940437
7	19	11329.742188	-7.901948	9.344500	15.811815	-14.515491
7	20	12666.382812	12.895969	10.437304	-7.415066	-16.764172
7	21	13465.940430	54.645325	5.627864	-39.756508	-20.898220
7	22	14388.830078	45.362999	6.557326	5.850084	-20.375820
7	23	14361.174805	45.251137	-6.215277	16.023094	-18.922840
7	24	14116.348633	48.127098	-8.214828	33.477043	-11.306208
7	25	8854.274414	13.890717	7.713554	-37.794559	-0.209603
8	0	385.525177	-1.311196	1.696533	1.309341	-2.719170
8	1	450.036865	-1.322537	-1.008981	0.498806	-3.559881
8	2	500.147858	-3.312406	-2.127518	-0.246075	-3.382164
8	3	811.513184	-44.810181	-0.412357	-0.643892	-3.518622
8	4	1105.583252	-12.459110	0.980125	1.824173	-1.979558
8	5	1984.520874	-6.591312	-0.159456	7.055874	-7.803573
8	6	2281.647949	-7.341582	2.459299	5.393409	-8.320126
8	7	3204.287109	-4.602314	1.017802	1.918146	-7.916327
8	8	4611.176270	0.328187	1.357971	-3.537723	-10.886983
8	9	4620.258301	1.024095	1.931736	-10.621093	-9.079106
8	10	5531.849121	-25.230652	5.008682	12.481686	-11.072994
8	11	7108.004883	-33.052841	5.234300	0.947092	-12.674457
8	12	8031.898926	-28.905945	5.170346	37.539356	-13.462270
8	13	8463.508789	-54.216763	2.767459	50.374199	-15.012264
8	14	8715.156250	-63.758530	1.714039	69.849709	-17.206375
8	15	8607.861328	-94.743118	6.101546	98.043800	-17.584782
8	16	9523.536133	-56.715790	17.598381	103.172493	-22.272358
8	17	10087.734375	-92.747101	27.927538	101.134415	-34.191193
8	18	9943.425781	-29.448715	37.859894	73.183357	-28.561457
8	19	10624.083984	-45.089230	45.065582	110.490669	-25.502716
8	20	11574.661133	-59.284538	33.583809	163.122192	-33.841965
8	21	12152.099609	-52.162987	42.915428	125.615913	-33.918892
8	22	13130.673828	-87.795006	52.213093	138.991226	-41.523209
8	23	13437.855469	-87.023659	52.237106	195.298370	-55.920162
8	24	13188.385742	-91.485992	48.265007	245.749481	-45.319740
8	25	8184.234863	-111.561356	57.721977	199.870667	-35.369961
9	0	305.116425	-0.796958	-2.074550	1.888945	-4.615397
9	1	347.001312	-1.524929	-3.358297	1.566870	-5.066756
9	2	396.849243	-2.344817	-3.963540	1.449396	-4.695035
9	3	637.283447	-39.723999	-3.687407	1.382216	-5.839829
9	4	1267.983276	-0.421005	-0.763307	1.008168	-6.610620
9	5	1205.203003	3.532552	-5.503978	2.009927	-4.798983
9	6	1607.233276	3.984906	-5.370378	2.284936	-7.865246
9	7	2170.386230	0.129602	-5.794988	4.547921	-9.118351
9	8	3456.675049	7.557378	-7.686584	-1.014851	-12.583342
9	9	3762.159180	2.641723	-7.534811	-0.063423	-12.228565
9	10	4438.254395	-7.385016	-7.445312	4.974031	-12.870419
9	11	5576.536133	-21.221378	-7.492999	10.165726	-13.554653
9	12	6139.132324	6.267805	-7.577875	-2.973345	-11.468428
9	13	6465.831055	15.103571	-7.808195	-5.419056	-10.693182
9	14	6985.563477	1.467362	-16.462917	9.640751	-11.958229
9	15	7279.255859	-14.953170	-12.255661	-4.957682	-9.455009
9	16	8463.243164	-47.255871	-7.040520	7.132194	-8.651660
9	17	9503.389648	16.637466	-1.895642	-104.318085	-17.683636
9	18	10424.148438	55.464783	2.319875	-81.438293	-23.270445
9	19	11653.114258	86.134460	12.368029	-98.111496	-23.873615
9	20	12855.579102	191.014038	21.810547	-82.492096	-31.872578
9	21	13561.299805	258.608154	36.417408	-116.401039	-41.674339
9	22	14712.625000	223.615051	52.531540	-111.763565	-42.512554
9	23	14838.429688	217.320145	31.842527	-99.415405	-39.196342
9	24	14555.003906	207.627197	18.831476	-133.690216	-35.115215
9	25	9814.733398	197.472504	11.532413	-113.433411	-31.499123
10	0	251.464783	0.247539	-1.962797	0.034308	-0.843886
10	1	337.433594	-0.111001	-1.067215	0.414495	-1.804723
10	2	357.053131	-1.605265	-1.984096	0.261114	-4.087912
10	3	705.165405	-41.621841	-2.376255	0.430922	-4.874367
10	4	1020.001404	-0.662750	-0.003630	-0.747110	-5.184961
10	5	1292.366821	-0.014383	0.098015	0.048559	-7.782339
10	6	1300.851929	4.740672	-1.708666	-0.827189	-7.670712
10	7	2158.951904	6.574551	-0.472301	-7.074048	-9.090251
10	8	2831.477783	10.517761	-0.978017	-8.276529	-11.031302
10	9	3605.139648	7.829264	2.038687	0.650455	-11.564521
10	10	4550.970215	-3.551285	1.448519	10.214656	-10.646801
10	11	5428.265625	-11.644691	1.133501	21.523048	-11.015903
10	12	5631.859375	8.343424	0.867236	4.134249	-9.423427
10	13	5907.645020	8.854965	2.321298	-1.896831	-8.306198
10	14	6284.595215	3.084049	-3.130829	36.284164	-8.298965
10	15	6809.775391	-2.309294	0.084396	42.280067	-5.614635
10	16	7912.901367	32.775352	11.398529	23.276611	-3.014339
10	17	9222.611328	34.561935	12.852554	5.126469	-2.518660
10	18	10287.444336	51.925728	18.958012	83.331009	-2.760330
10	19	11974.507812	42.825809	27.451782	93.148460	-1.696345
10	20	13469.826172	149.879013	35.610649	97.876068	-5.958334
10	21	14333.856445	235.731262	44.628479	6.921341	-0.738695
10	22	15487.681641	242.668259	56.661255	-70.297348	-4.476583
10	23	15640.330078	252.830917	46.043022	-35.422771	-2.527673
10	24	14949.893555	190.276855	20.866959	-109.981537	11.707945
10	25	9511.515625	210.040146	25.496147	-223.489685	39.683979
11	0	356.772675	-0.779819	-2.381166	0.657410	3.305553
11	1	408.290588	-0.981410	-1.376900	0.730765	4.210218
11	2	442.057129	-3.220680	-3.041064	0.993947	4.846499
11	3	688.135315	-42.121460	-7.497358	0.942761	4.147343
11	4	1017.673767	-6.673214	-7.453537	1.145377	6.725198
11	5	1653.478149	-2.908896	-7.481291	5.241844	9.435043
11	6	1806.132935	-1.055169	-9.678736	6.702805	9.347431
11	7	2873.551514	2.340102	-7.731253	2.508679	10.676353
11	8	4053.337646	3.851737	-8.019291	2.699500	10.887966
11	9	4826.043457	1.883287	-6.680556	-8.726938	11.571852
11	10	5742.447266	-9.010117	-5.956139	16.915419	12.206099
11	11	7553.131348	-0.077893	-4.870073	12.124792	11.014575
11	12	7666.347656	22.939348	-4.282519	31.950668	11.345807
11	13	8051.064453	8.250482	-3.264611	13.035807	8.720609
11	14	8085.431152	12.193600	-6.282919	33.783188	6.491818
11	15	8286.066406	9.770573	-2.367077	14.055271	8.574650
11	16	9048.015625	-2.672047	1.160336	66.395660	7.631180
11	17	10090.194336	5.119482	-27.713079	117.986542	13.371313
11	18	10498.230469	28.939342	-22.689703	89.808731	2.612638
11	19	12004.656250	-40.430573	-3.214586	102.689003	3.820488
11	20	13022.165039	31.147079	-17.310978	181.241714	7.728211
11	21	13878.487305	93.718353	-3.411270	103.020950	13.094289
11	22	15080.303711	76.711853	-1.388324	95.596390	22.003323
11	23	15434.412109	139.464691	-0.224083	131.686035	24.524416
11	24	15621.415039	127.649223	-17.147575	91.657196	39.813080
11	25	9961.660156	180.428085	-6.721734	31.986698	44.668907
12	0	356.099365	-0.930692	1.295863	-0.005059	-1.492628
12	1	420.086304	-0.524921	0.309307	0.548970	-2.533629
12	2	473.005432	-4.008016	0.174848	0.339551	0.862848
12	3	791.355652	-44.639896	-0.740174	1.046386	-1.773844
12	4	1282.985718	-15.617876	-2.108141	-0.197219	-0.642595
12	5	1952.283447	-4.869526	-2.316659	0.880151	0.860057
12	6	1900.663208	-3.148676	-5.700513	1.900189	-1.830622
12	7	2553.394043	3.163239	-5.693697	-2.317389	-1.771568
12	8	3968.788086	0.322380	-1.665559	1.234374	-3.080513
12	9	4241.314941	-11.210104	-1.929511	-1.717199	-3.059110
12	10	5368.948730	-17.660921	-2.037802	-4.094356	-4.120094
12	11	7009.645020	-23.378942	0.420725	-5.602813	-3.893227
12	12	6985.329590	-1.815917	1.822464	-5.992904	-3.256130
12	13	7378.032227	-4.920207	0.423465	-14.279419	-3.421950
12	14	7139.588379	-3.649887	-3.148349	-32.197990	-6.068872
12	15	7348.763672	9.495228	-1.303762	-32.455063	-6.399961
12	16	7727.496582	94.329376	-0.075599	-58.769989	-9.376270
12	17	8055.038574	66.159210	0.828955	-27.730989	-17.697109
12	18	8057.803711	187.320648	5.390421	-20.591440	-17.252241
12	19	8926.672852	162.335449	10.676916	-4.838528	-19.074615
12	20	10267.899414	163.739532	6.792498	19.145021	-23.644133
12	21	11237.327148	209.998016	10.603717	6.059712	-23.045162
12	22	12329.771484	193.270416	15.058325	74.910751	-30.279932
12	23	12953.985352	181.076721	2.812613	53.020844	-38.973198
12	24	13471.531250	163.444214	-7.038412	104.147774	-26.860075
12	25	8789.514648	126.804787	10.675716	17.977371	-22.174055
13	0	303.625427	1.903061	1.270273	-1.285406	-1.982025
13	1	346.554047	0.424947	1.356075	-1.340698	-3.887335
13	2	434.615479	0.032731	2.455202	-1.279599	-4.708762
13	3	646.024719	-40.438019	3.497216	-0.928728	-1.174926
13	4	1007.184998	0.592091	4.353923	-0.134616	-2.118809
13	5	1118.352905	2.654518	2.025735	0.439817	-3.581820
13	6	1367.047607	0.107145	2.897616	0.836886	-6.847971
13	7	1825.602417	0.512672	2.517128	-0.046745	-8.413638
13	8	3198.003174	4.991453	3.856093	-4.824129	-9.573005
13	9	3776.430664	-5.853790	6.019790	-3.315160	-12.582147
13	10	4479.067383	-14.952023	6.927677	-3.186752	-12.881598
13	11	5483.951660	-3.305706	6.689171	-23.482546	-13.440926
13	12	5700.854004	-4.137758	11.201157	-24.252895	-12.627394
13	13	6496.533691	-0.833491	6.750138	15.214079	-16.612522
13	14	7552.864258	-43.135242	5.129359	13.287281	-15.773802
13	15	7758.898438	-82.515617	21.291481	69.551285	-17.276962
13	16	8129.065918	-57.763054	24.878941	77.421120	-13.299310
13	17	8591.838867	-77.344002	32.849857	62.458115	-25.882561
13	18	8663.603516	-23.866440	25.935425	67.915268	-15.848500
13	19	9611.507812	-85.263062	26.924757	84.514923	-9.152337
13	20	10360.422852	-36.487221	24.689087	150.137451	-20.247444
13	21	11254.775391	-48.077278	18.598541	136.950409	-18.649609
13	22	12906.049805	-33.305599	48.721508	135.828552	-26.898602
13	23	13055.522461	-17.834246	40.249725	236.825531	-62.976479
13	24	13095.062500	-0.164425	30.276337	359.840363	-49.864677
13	25	8780.984375	-18.225536	35.690689	339.678986	-51.810970
14	0	271.753876	-0.210321	-2.709242	-0.586671	-0.514950
14	1	318.777435	-3.643364	-2.205493	-0.050736	0.297234
14	2	400.839264	-3.944723	-4.132234	-0.549397	-0.612891
14	3	815.953552	-42.526745	-2.069929	-0.698762	4.953380
14	4	1013.463867	-6.531635	1.109660	1.219658	4.716930
14	5	1597.718628	-10.192793	3.010335	0.905463	2.022440
14	6	1682.089600	-5.936374	2.229961	-2.014856	1.386788
14	7	2522.479492	-3.350458	-0.130494	-2.145072	0.198791
14	8	2992.031006	-3.982830	-0.570107	6.696146	-1.421357
14	9	3224.821777	6.001026	0.742289	5.186539	-2.435919
14	10	3835.364502	2.965259	-0.830152	11.013178	-0.542682
14	11	4971.005859	-8.720385	-5.588695	5.250532	2.008761
14	12	5082.703125	13.508533	-8.333141	26.859497	1.439077
14	13	5651.197266	-23.622772	-7.694023	-4.083993	-0.032738
14	14	6418.927734	-9.854261	-8.932710	-11.493223	2.984221
14	15	7110.015137	-29.560139	-1.551243	-22.840698	6.794008
14	16	8752.314453	38.396706	11.882865	-70.799026	13.998589
14	17	7916.973633	57.982353	15.499921	-20.197201	18.385979
14	18	8249.874023	45.066811	31.049471	31.131794	24.514439
14	19	8686.513672	18.629263	20.120392	-85.510979	34.922649
14	20	9611.732422	26.210405	-2.221200	20.662617	43.653755
14	21	10399.151367	150.004669	-15.112125	-49.562889	38.426701
14	22	12298.114258	135.497086	-28.463097	-119.217773	49.491177
14	23	11338.354492	62.194984	8.002916	-188.323914	43.420071
14	24	10595.510742	98.501495	50.997559	-271.742981	71.493973
14	25	9062.084961	-5.210609	65.857132	-251.055145	41.699894
15	0	318.011292	1.705838	2.178941	-0.284171	1.352102
15	1	326.304504	0.471513	2.240665	-0.583387	1.509540
15	2	387.770966	-0.277538	1.710126	-0.664743	0.940692
15	3	626.630310	-40.768398	2.137354	-0.683160	1.295238
15	4	941.307251	-1.520729	0.858077	-1.064151	-0.125381
15	5	1225.973755	0.740995	0.313336	0.282906	-1.336508
15	6	1436.748413	3.888570	-1.647564	2.877100	-4.483161
15	7	1756.741821	4.193002	-1.206621	-0.908369	-6.334024
15	8	3129.074707	11.326525	-0.838100	-6.651405	-7.756658
15	9	3802.298096	5.609060	0.678872	0.487822	-8.624254
15	10	3892.053711	4.451307	0.901497	-1.594037	-9.227442
15	11	5172.092773	-1.032420	-1.705657	4.474757	-9.644115
15	12	5641.505859	-0.950800	-3.070066	10.528532	-8.186217
15	13	6391.557129	14.849308	-2.870091	16.903236	-8.169773
15	14	6657.180176	13.997091	-8.947939	-14.304300	-6.594293
15	15	6906.337891	39.541153	1.306398	-45.674408	-8.858866
15	16	7765.589355	50.763962	10.599812	-27.704369	-3.099525
15	17	7166.509766	97.923637	2.821619	1.116657	7.026695
15	18	6960.327148	108.153290	-6.783336	17.543762	11.780577
15	19	7648.771484	25.961456	10.485955	13.798999	15.194695
15	20	8414.888672	24.882973	13.753914	-18.955734	19.208811
15	21	9355.469727	67.652664	1.284806	27.146765	17.172794
15	22	10560.228516	2.603382	-3.838849	-68.262512	18.922930
15	23	10331.789062	40.279850	-13.374987	-115.946609	25.937866
15	24	10206.555664	-12.272366	-0.783963	-138.227997	12.712458
15	25	6444.017578	-3.757093	2.070225	-193.073303	16.891071
16	0	236.101151	-0.740200	-5.413425	-0.239347	2.292488
16	1	297.606873	-2.936528	-5.647860	1.371205	0.385226
16	2	410.686737	-3.851223	-5.742658	0.279849	1.812630
16	3	884.171936	-39.665497	-6.813450	1.405976	5.766479
16	4	863.206848	2.115013	-4.091757	1.500023	4.224876
16	5	1391.306641	-1.786227	-1.713301	1.687715	2.937960
16	6	1523.436890	0.149454	-0.745273	-1.956248	3.474101
16	7	2095.769531	0.035412	-1.713456	0.324715	1.163381
16	8	2954.705078	-0.886911	-2.108286	4.483662	2.235123
16	9	3526.692383	9.020300	-4.701302	-2.639848	2.705393
16	10	3283.409424	0.398168	-2.735574	2.085048	3.160537
16	11	5011.103516	-18.854658	-5.235884	-0.563382	5.470303
16	12	5136.622559	16.669271	-10.213375	21.272776	3.893082
16	13	5375.328125	6.266706	-9.486149	-5.342110	3.062659
16	14	6131.128906	20.552685	-10.460264	8.454010	8.800406
16	15	6803.555664	45.381676	-1.828338	75.241608	7.137936
16	16	8219.429688	27.117899	9.454140	-36.367470	13.694549
16	17	7211.772461	23.572876	25.836788	85.782898	7.924781
16	18	7952.980957	-63.083881	54.027634	165.321808	20.011019
16	19	8619.666992	-50.825722	31.407961	183.403900	38.143806
16	20	9563.346680	-75.647743	12.814553	145.441101	26.324451
16	21	10021.807617	-17.140923	8.823307	-2.062881	36.704391
16	22	11957.369141	30.712751	-7.404145	1.869512	44.228828
16	23	11928.473633	29.641672	-45.262272	6.477166	33.463867
16	24	12150.416992	34.716206	-12.705330	-106.934296	23.617147
16	25	10155.181641	-11.788073	-40.910168	-56.759308	-12.860451
17	0	368.632080	0.388070	-0.701088	0.150284	-6.489045
17	1	409.190369	-0.181771	-2.018988	-1.097213	-7.149250
17	2	504.926758	-2.004956	0.118336	-0.325026	-2.417264
17	3	805.232422	-39.213799	-0.123236	-0.096187	-1.118459
17	4	979.737732	-3.248867	0.431327	-0.820571	0.536562
17	5	1744.284546	-2.024652	0.999471	0.357310	-2.154887
17	6	1571.142334	4.479819	1.750769	-3.718529	0.825960
17	7	2483.845459	-2.066450	1.976220	-5.528925	0.977497
17	8	3736.773926	4.192627	0.845969	-3.290248	1.453075
17	9	4058.048584	9.070373	3.021303	-3.373961	-0.252929
17	10	4372.747070	7.848295	5.439221	-1.662045	-2.697757
17	11	5937.123047	-15.162847	1.971661	12.931657	-0.097150
17	12	7076.515137	-31.748188	-0.510542	33.034676	0.995157
17	13	6641.877930	-48.996109	-4.726477	36.489910	0.716237
17	14	6942.450684	-52.315750	-10.582450	35.859879	1.207717
17	15	7470.146484	-56.870941	-8.232335	115.760460	0.921362
17	16	7977.263672	-115.417618	12.452409	75.415260	5.268544
17	17	7259.355957	-108.574280	16.643122	-83.440147	-6.028641
17	18	6979.127441	6.154938	13.009999	-182.875839	9.122723
17	19	7649.964844	-14.914422	25.339378	-154.288086	5.587054
17	20	8013.308594	-116.275009	34.289131	-332.626862	-8.596855
17	21	8097.250488	-247.537689	39.763699	-264.415771	-31.377844
17	22	8518.090820	-131.439606	78.183319	-214.502472	-48.708855
17	23	8301.360352	-64.892769	82.815933	-83.365768	-55.810383
17	24	8685.450195	-205.626556	15.276657	-401.597260	1.934982
17	25	8955.817383	-178.098602	-29.113218	-231.995499	6.265699
18	0	300.471710	1.411360	3.050402	-0.104790	1.754544
18	1	284.471039	1.003588	3.985938	-0.204210	1.501637
18	2	391.663208	0.234099	3.721572	-0.330528	2.323379
18	3	604.328552	-40.281811	2.090234	-1.350199	2.254946
18	4	824.232727	-0.689129	0.237715	-1.518257	1.022175
18	5	1079.177856	0.601121	-1.542781	-0.353868	3.619560
18	6	1176.315186	4.001566	-1.969155	-0.614736	4.363774
18	7	1887.566284	1.568693	-0.949756	-3.342409	3.964986
18	8	3071.451172	4.312194	-1.969948	-3.855716	3.665815
18	9	3899.837646	-5.436552	-0.406855	2.762316	2.274283
18	10	4113.412109	-1.188827	3.555802	1.798705	1.819712
18	11	5208.431641	1.876186	-2.770451	2.721735	1.920174
18	12	5439.450195	7.868174	1.654969	-1.183531	3.726066
18	13	6699.669922	25.119255	-2.319906	-10.090521	2.916902
18	14	7169.260254	3.921947	-5.539582	-0.373283	4.782368
18	15	7147.839844	6.927909	7.445982	-53.251408	1.716847
18	16	7248.446289	66.575142	17.175028	-28.690882	8.012193
18	17	7587.724609	36.337761	16.020489	-3.800995	5.316700
18	18	8172.745605	76.574356	8.084462	41.995361	13.991674
18	19	9075.605469	28.501965	9.802261	36.266418	12.945327
18	20	10092.479492	35.564476	14.782798	23.257832	9.884654
18	21	11100.910156	25.442978	1.125986	69.326767	9.420640
18	22	12122.660156	-20.648108	11.481462	33.596069	-4.651052
18	23	11989.114258	5.722986	-2.412117	49.631393	-16.828547
18	24	12347.701172	-67.433357	-7.200695	57.938629	-3.262469
18	25	4291.506348	-40.793835	-9.301634	71.256302	-6.213851
